user_id,age_group,gender,profession,hours_spending,musical_aspect,listened_songs,song_id
10001,18 - 24,Female,Student,0 - 1,Tempo/speed,Sandaganawa,174
10002,18 - 24,Female,Student,0 - 1,Tempo/speed,Api hagum walata ida dee mohothak,220
10003,25 - 34,Male,Working,2 - 3,The singer's voice,Mandaram Wahi Watena,221
10004,18 - 24,Female,Software Engineer,more than 5,The singer's voice,Ru Sara,164
10005,18 - 24,Male,software engineer,more than 5,The singer's voice,Adanne Ay Sudu Manike,6
10006,18 - 24,Male,Software Engineer,3 - 5,The instrument being used,Ninda noyana handawe - Ranidu,124
10007,18 - 24,Male,Software Engineer,3 - 5,The instrument being used,Ra ahase - Billy,222
10008,18 - 24,Male,Software Engineer,0 - 1,Tempo/speed,Man ithaliye thani una,223
10009,18 - 24,Male,Software Engineer,0 - 1,Tempo/speed,Hithin yana aya athin alla nawaththannata ba,59
10010,18 - 24,Female,Undergraduate,0 - 1,The singer's voice,Mal pan podak,92
10011,18 - 24,Female,Undergraduate,0 - 1,The singer's voice,Pini Binduwak Wennata Asai,146
10012,18 - 24,Female,Undergraduate,0 - 1,The singer's voice,Ai Kale Adare,10
10013,18 - 24,Female,Undergraduate,0 - 1,The singer's voice,Sandaganawa,174
10014,18 - 24,Female,Student,0 - 1,The instrument being used,Sandaganawa,174
10015,18 - 24,Female,UI engineer,3 - 5,The singer's voice,Sandaganawa,174
10016,18 - 24,Female,UI engineer,3 - 5,The singer's voice,Sinasenna,224
10017,18 - 24,Female,UI engineer,3 - 5,The singer's voice,Oba magemai,134
10018,18 - 24,Female,UI engineer,3 - 5,The singer's voice,Hanguman,225
10019,18 - 24,Female,UI engineer,3 - 5,The singer's voice,Soya awa,196
10020,18 - 24,Female,UI engineer,3 - 5,The singer's voice,Nura wasanthe,127
10021,18 - 24,Female,UI engineer,3 - 5,The singer's voice,Sihinaya,226
10022,25 - 34,Female,Engineer,2 - 3,Tempo/speed,Nura wasanthe,127
10023,25 - 34,Female,Engineer,2 - 3,Tempo/speed,Sonduru Siththam,194
10024,25 - 34,Female,Engineer,2 - 3,Tempo/speed,Nimnaviye,123
10025,25 - 34,Female,Engineer,2 - 3,Tempo/speed,Raa pura payana,152
10026,18 - 24,Female,student,2 - 3,The singer's voice,Ada Nam maa hada iwasum na,3
10027,18 - 24,Male,Marketer,2 - 3,The instrument being used,Ra Ahasin - Kasun Kalhara,151
10028,18 - 24,Female,Student,0 - 1,Tempo/speed,Chandrayan pidu,26
10029,18 - 24,Female,Student,0 - 1,Tempo/speed,Unmadini ,210
10030,18 - 24,Female,Student,0 - 1,Tempo/speed,Hiru Mal ,52
10031,18 - 24,Female,Student,0 - 1,Tempo/speed,Hitha Hiriwatunado,55
10032,18 - 24,Female,student,0 - 1,The singer's voice,Kuweni,79
10033,25 - 34,Male,student,2 - 3,The singer's voice,Prathihari,227
10034,25 - 34,Male,student,2 - 3,The singer's voice,Surath suwaya,202
10035,25 - 34,Male,student,2 - 3,The singer's voice,Radhawani,228
10036,25 - 34,Male,student,2 - 3,The singer's voice,Sandaganawa,174
10037,25 - 34,Male,student,2 - 3,The singer's voice,Sandanaari,175
10038,25 - 34,Male,student,2 - 3,The singer's voice,Mahamaaya,229
10039,25 - 34,Male,student,2 - 3,The singer's voice,Pandama,140
10040,25 - 34,Male,student,2 - 3,The singer's voice,Kuweni,79
10041,25 - 34,Male,student,2 - 3,The singer's voice,Lokayen yamu ,84
10042,25 - 34,Male,Undergraduate,0 - 1,Tempo/speed,Sinha Lokaye Sinhaya,230
10043,25 - 34,Male,Undergraduate,0 - 1,Tempo/speed,Eka wasanthayaka,243
10044,18 - 24,Male,Student,0 - 1,The instrument being used,Galana ganga,234
10045,25 - 34,Male,Undergraduate,2 - 3,The singer's voice,Soya awa,196
10046,25 - 34,Male,Undergraduate,2 - 3,The singer's voice,Sandawathiye,176
10047,25 - 34,Male,Undergraduate,2 - 3,The singer's voice,Heena Maka,231
10048,25 - 34,Male,Undergraduate,2 - 3,The singer's voice,Ma oba hamuwana dinaye,86
10049,25 - 34,Male,Undergraduate,2 - 3,The singer's voice,Adaren (Lanwenna Hithuwata),232
10050,25 - 34,Male,Undergraduate,2 - 3,The singer's voice,Mayam kalawe,102
10051,25 - 34,Male,Undergraduate,2 - 3,The singer's voice,Diwasaravi,37
10052,25 - 34,Male,Undergraduate,2 - 3,The singer's voice,Mahamaya,229
10053,25 - 34,Male,Undergraduate,2 - 3,The singer's voice,Kawiya Oba,76
10054,25 - 34,Male,Undergraduate,2 - 3,The singer's voice,Sonduru Siththam,194
10055,25 - 34,Male,Undergraduate,2 - 3,The singer's voice,Nurawi,128
10056,25 - 34,Male,Undergraduate,2 - 3,The singer's voice,Sandanari,175
10057,25 - 34,Male,Undergraduate,2 - 3,The singer's voice,Unmada chithra,233
10058,25 - 34,Male,Undergraduate,2 - 3,The singer's voice,Radhawani,228
10059,25 - 34,Male,Undergraduate,2 - 3,The singer's voice,Ganala ganga,234
10060,25 - 34,Male,Undergraduate,2 - 3,The singer's voice,Rahath himiwaru,235
10061,18 - 24,Female,Student,2 - 3,Music,Duwe numba mage pranayai,39
10062,18 - 24,Female,Student,2 - 3,Music,landune,81
10063,18 - 24,Female,Student,2 - 3,Music,mal pan podak,92
10064,18 - 24,Male,student,2 - 3,Music,Es Deka Pura ,40
10065,18 - 24,Male,student,2 - 3,Music,Sansara Sihine ,236
10066,18 - 24,Male,student,2 - 3,Music,Labandiye ,80
10067,18 - 24,Male,student,2 - 3,Music,Sanda Thaniyama (Nirosha Virajini),173
10068,18 - 24,Female,Student,2 - 3,The message of the song,pinna malak,147
10069,18 - 24,Female,Student,2 - 3,The message of the song,Akeekaru pem kathawak,237
10070,18 - 24,Female,Student,2 - 3,The message of the song,husmath unui,238
10071,18 - 24,Female,Business Analyst,2 - 3,Music,Ridena noriddena,160
10072,18 - 24,Female,Business Analyst,2 - 3,Music,Mihirawa Awa,110
10073,18 - 24,Female,AL Teacher,more than 5,Music,Hithin yana aya athin alla nawaththannata ba,59
10074,18 - 24,Female,AL Teacher,more than 5,Music,Ridena noridena ,160
10075,18 - 24,Female,Student,2 - 3,Music,Kohe Yannada,78
10076,18 - 24,Female,Student,2 - 3,Music,Hanguman,225
10077,18 - 24,Female,Student,2 - 3,Music,Hama deyak pene,239
10078,18 - 24,Female,Student,2 - 3,Tempo/speed,Amma sandaki,13
10079,18 - 24,Female,Student,2 - 3,Tempo/speed,Unmadini,210
10080,18 - 24,Female,Student,2 - 3,Tempo/speed,sithin ma nosalee,191
10081,18 - 24,Female,Student,2 - 3,Tempo/speed,labandiye,80
10082,18 - 24,Female,Student,2 - 3,Tempo/speed,sara sihina rahase,178
10083,18 - 24,Female,Student,2 - 3,Tempo/speed,seetha maruthe,182
10084,18 - 24,Female,Student,2 - 3,Tempo/speed,me tharam siyumalida kalugal,106
10085,18 - 24,Female,Student,2 - 3,Tempo/speed,perawadanak,145
10086,18 - 24,Female,Student,2 - 3,Tempo/speed,Aradhana,211
10087,18 - 24,Female,Student,2 - 3,Tempo/speed,pinibinduwak wennata asai,146
10088,18 - 24,Female,Business Analyst,0 - 1,Music,Radhawani,228
10089,18 - 24,Female,Business Analyst,0 - 1,Music,Pandhama,140
10090,18 - 24,Female,Student,0 - 1,The singer's voice,Kuweniye,79
10091,18 - 24,Female,Student,0 - 1,The singer's voice,Sandaganawa,174
10092,18 - 24,Female,Student,0 - 1,The singer's voice,Saragaye,179
10093,25 - 34,Female,Engineer,2 - 3,Music,Ulkapathayak,240
10094,18 - 24,Male,Undergraduate,2 - 3,Tempo/speed,Kiri Kodu Hithata,77
10095,18 - 24,Female,Student,2 - 3,The message of the song,Radhawani,228
10096,18 - 24,Female,Student,2 - 3,The message of the song,Soya awa,196
10097,18 - 24,Female,Student,2 - 3,The message of the song,Oba nisa,135
10098,18 - 24,Female,Student,2 - 3,The message of the song,Prathihari,227
10099,18 - 24,Female,Student,2 - 3,The message of the song,Mathakai eda,99
10100,18 - 24,Female,Student,0 - 1,The instrument being used,Perawadanak,145
10101,18 - 24,Female,Student,0 - 1,The instrument being used,anagathaye,241
10102,25 - 34,Female,Student,0 - 1,The message of the song,Pandama,140
10103,25 - 34,Female,Student,0 - 1,The message of the song,Prathihari,227
10104,25 - 34,Female,Student,0 - 1,The message of the song,Kuweni,79
10105,18 - 24,Female,Student,0 - 1,Tempo/speed,Pandama,140
10106,18 - 24,Female,Student,2 - 3,The message of the song,Wasanthaye Pipidena Mal,310
10107,18 - 24,Female,Student,2 - 3,The message of the song,Nethu saluna,122
10108,18 - 24,Female,Student,2 - 3,The message of the song,ran wan mal dam,242
10109,18 - 24,Female,Student,2 - 3,The message of the song,Ae,311
10110,18 - 24,Female,Student,2 - 3,The message of the song,Eka wasanthayaka,243
10111,18 - 24,Female,Student,2 - 3,The message of the song,Pamawee Pipunu Mal Suwandai,139
10112,18 - 24,Female,Student,2 - 3,The message of the song,ananthayata yana,14
10113,18 - 24,Female,Student,2 - 3,The message of the song,Kaulu Piyan Path Wahanna,73
10114,18 - 24,Female,Student,2 - 3,The message of the song,Nethu dahan,244
10115,18 - 24,Female,Student,2 - 3,The message of the song,eka yaye,245
10116,18 - 24,Female,Student,2 - 3,The message of the song,me mal yaye ,246
10117,25 - 34,Male,Executive,more than 5,Music,wakkada laga,212
10118,25 - 34,Male,Executive,more than 5,Music,api kauruda,247
10119,18 - 24,Male,Engineer,2 - 3,Music,Oba nisa ,135
10120,18 - 24,Female,Engineer,0 - 1,Music,Sadaganawa,174
10121,18 - 24,Female,Student,0 - 1,Music,Pandama,140
10122,18 - 24,Female,Architecture student,2 - 3,The message of the song,"Pawena kodu akase
",248
10123,18 - 24,Female,Architecture student,2 - 3,The message of the song,"Kuweniye
",79
10124,18 - 24,Female,Architecture student,2 - 3,The message of the song,Sithin Ma,191
10125,18 - 24,Female,Architecture student,2 - 3,The message of the song,Unmadini,210
10126,18 - 24,Female,Architecture student,2 - 3,The message of the song,Hitha hiriwatunado,55
10127,18 - 24,Female,Architecture student,2 - 3,The message of the song,Mandakini,249
10128,18 - 24,Female,Architecture student,2 - 3,The message of the song,Mayawee,250
10129,18 - 24,Female,Architecture student,2 - 3,The message of the song,Pinibinduwak,146
10130,18 - 24,Female,Architecture student,2 - 3,The message of the song,Raata man,251
10131,18 - 24,Female,Architecture student,2 - 3,The message of the song,Sara sihina,178
10132,18 - 24,Female,Architecture student,2 - 3,The message of the song,Rosa kalpana,163
10133,18 - 24,Female,Architecture student,2 - 3,The message of the song,Adare sithum,8
10134,18 - 24,Female,Architecture student,2 - 3,The message of the song,Arabumama kandulakwela,15
10135,18 - 24,Female,Architecture student,2 - 3,The message of the song,Me sanda unath,105
10136,18 - 24,Female,Architecture student,2 - 3,The message of the song,Sanda latha,171
10137,18 - 24,Female,Architecture student,2 - 3,The message of the song,Piyawuna,252
10138,18 - 24,Female,Architecture student,2 - 3,The message of the song,Kandulu irthuwe,253
10139,18 - 24,Female,Architecture student,2 - 3,The message of the song,Denuwan piya,254
10140,18 - 24,Female,Architecture student,2 - 3,The message of the song,Sanda pahan raye,255
10141,18 - 24,Female,Architecture student,2 - 3,The message of the song,Dasama riddana,256
10142,18 - 24,Female,Architecture student,2 - 3,The message of the song,Kawulu piyan path,73
10143,18 - 24,Female,Architecture student,2 - 3,The message of the song,Rahase handana ,154
10144,18 - 24,Female,Architecture student,2 - 3,The message of the song,Atheethaya sihinayak ,17
10145,18 - 24,Female,Architecture student,2 - 3,The message of the song,Maha warusawata,89
10146,18 - 24,Female,Architecture student,2 - 3,The message of the song,Pera dinayaka ma,143
10147,18 - 24,Male,Student,0 - 1,Tempo/speed,Saragaye,179
10148,18 - 24,Male,Student,0 - 1,Tempo/speed,Sansaara Sihine,236
10149,18 - 24,Male,Student,0 - 1,Tempo/speed,Ai kale aadare,10
10150,18 - 24,Male,Student,0 - 1,Tempo/speed,Ru Sara,164
10151,18 - 24,Male,Student,0 - 1,Tempo/speed,Channa Kinnaravi,257
10152,18 - 24,Female,Student,2 - 3,The singer's voice,Sandaganawa,174
10153,18 - 24,Female,Undergraduate,3 - 5,Music,Duwe Nuba Mage Pranayai,39
10154,18 - 24,Male,Medical  student,0 - 1,Music,"Ananthaye 
",258
10155,18 - 24,Female,Student,0 - 1,Music,Landune,81
10156,18 - 24,Female,Student,0 - 1,Music,Daffodil mala,259
10157,18 - 24,Female,Student,0 - 1,Music,Liyathambara,83
10158,18 - 24,Female,Student,0 - 1,Music,Malak une Ai oba mata,93
10159,18 - 24,Female,Student,0 - 1,Music,Ran kurahan mala,157
10160,18 - 24,Male,Student,0 - 1,The message of the song,"Kuweni
",79
10161,25 - 34,Female,Accountant,0 - 1,The message of the song,Kuweniye,79
10162,25 - 34,Female,Accountant,0 - 1,The message of the song,sansaraye ma,260
10163,25 - 34,Female,Accountant,0 - 1,The message of the song,hitha mithuru sulanga,56
10164,25 - 34,Female,Accountant,0 - 1,The message of the song,sandaganawa,174
10165,25 - 34,Female,Accountant,0 - 1,The message of the song,thaala,71
10166,25 - 34,Female,Accountant,0 - 1,The message of the song,numbada bimba,261
10167,18 - 24,Male,Software engineer,3 - 5,The singer's voice,Nadi ganga tharanaye,114
10168,18 - 24,Male,Student,0 - 1,Music,Sharadha,186
10169,18 - 24,Male,Student,0 - 1,Music,prathihari,227
10170,18 - 24,Male,Student,0 - 1,Music,adaraya ayai,7
10171,18 - 24,Male,Student,0 - 1,Music,akikaru pem kathawak,237
10172,18 - 24,Male,Student,0 - 1,Music,math mage hitha,262
10173,18 - 24,Male,Student,0 - 1,Music,kuweni,79
10174,18 - 24,Male,Student,0 - 1,Music,nadagam geeya,113
10175,18 - 24,Male,Student,0 - 1,Music,thawa dawasak,263
10176,18 - 24,Female,University student,0 - 1,Music,Athsana,264
10177,18 - 24,Female,University student,0 - 1,Music,Sandanari,175
10178,18 - 24,Female,University student,0 - 1,Music,Perawadanak,145
10179,18 - 24,Female,University student,0 - 1,Music,nura wasanthe,127
10180,18 - 24,Female,University student,0 - 1,Music,hanthana sihine,47
10181,18 - 24,Female,University student,0 - 1,Music,aradhana,211
10182,18 - 24,Female,University student,0 - 1,Music,ahasin eha,265
10183,18 - 24,Female,University student,0 - 1,Music,kawulu piyanpath,73
10184,18 - 24,Female,University student,0 - 1,Music,hanthanata payana sanda,48
10185,18 - 24,Male,Student,3 - 5,The singer's voice,Prathihari,227
10186,18 - 24,Female,Undergraduate student,3 - 5,Music,Adaraya ayayi,7
10187,25 - 34,Male,Accountant,0 - 1,The message of the song,Kuweniye,79
10188,25 - 34,Male,Accountant,0 - 1,The message of the song,Mihirawa awa,110
10189,18 - 24,Female,Student,more than 5,Music,Hitha hiri watunado,55
10190,18 - 24,Female,Medical student,0 - 1,The singer's voice,Hethuwa,266
10191,18 - 24,Female,Medical student,0 - 1,The singer's voice,Chakithaya,24
10192,18 - 24,Female,student,,All,Sasthara,267
10193,18 - 24,Female,student,,All,kawiya,76
10194,18 - 24,Female,student,,All,prathihari,227
10195,18 - 24,Female,student,,All,athsana,264
10196,18 - 24,Female,student,,All,kampa nowan mahamaya,229
10197,18 - 24,Female,student,,All,sandaganawa,174
10198,18 - 24,Female,student,,All,pandama,140
10199,18 - 24,Female,student,,All,naukawa,268
10200,18 - 24,Female,student,,All,kshemaye nagare,269
10201,18 - 24,Female,student,,All,kuweniye,79
10202,18 - 24,Female,student,,All,sandawathiye,176
10203,25 - 34,Male,Software Quality Engineer,1 - 3,The singer's voice,Hiinamaka,270
10204,45 - 54,Male,Engineer,0 - 1,The singer's voice,Athinwath atha,271
10205,45 - 54,Male,Engineer,0 - 1,The singer's voice,Hanthanata payana sada,48
10206,45 - 54,Male,Engineer,0 - 1,The singer's voice,Hanthana sihine,47
10207,18 - 24,Male,Engineer,1 - 3,The instrument being used,Sonduru atheeethaye,193
10208,18 - 24,Female,Student,0 - 1,The message of the song,Pera wadanak wi mage kathawata,145
10209,18 - 24,Female,Student,0 - 1,The message of the song,Sansara sihine,236
10210,18 - 24,Female,Student,0 - 1,The message of the song,Kath kawruwath nathi bawa dana dana ,72
10211,18 - 24,Female,Student,0 - 1,The message of the song,ko ma pathu nube adare,272
10212,18 - 24,Female,Student,0 - 1,The message of the song,Iki gasa hadana,61
10213,25 - 34,Male,Banker,1 - 3,The message of the song,Oba haa mema,131
10214,25 - 34,Male,Banker,1 - 3,The message of the song,Obage mathaken ,136
10215,25 - 34,Male,Banker,1 - 3,The message of the song,Ahasin polowata,273
10216,25 - 34,Male,Banker,1 - 3,The message of the song,Mathakaya asurin,100
10217,25 - 34,Male,Student,1-3,The singer's voice,Pandama,140
10218,25 - 34,Male,Student,1-3,The singer's voice,Sandaganawa,174
10219,25 - 34,Male,Student,1-3,The singer's voice,Saragaye,179
10220,25 - 34,Male,Student,1-3,The singer's voice,Sansara Sihinaye,178
10221,25 - 34,Male,Student,1-3,The singer's voice,Ciao Malli,274
10222,25 - 34,Male,Student,1-3,The singer's voice,Pama Wee,139
10223,25 - 34,Male,Student,1-3,The singer's voice,Arabumama Kadulk wela,15
10224,25 - 34,Male,Student,1-3,The singer's voice,Premaye wil there ,275
10225,25 - 34,Male,Student,1-3,The singer's voice,Marambari,96
10226,25 - 34,Male,Student,1-3,The singer's voice,Muwa muktha latha,276
10227,25 - 34,Male,Student,1-3,The singer's voice,Dasin Paa,31
10228,25 - 34,Male,Student,1-3,The singer's voice,Mata Rawana,277
10229,25 - 34,Male,Student,1-3,The singer's voice,Sudu Gawuma,199
10230,25 - 34,Male,Student,1-3,The singer's voice, Oba Enna Aye,278
10231,25 - 34,Male,Student,1-3,The singer's voice,Perawadanak,145
10232,25 - 34,Male,Student,1-3,The singer's voice, Sadanari ,175
10233,25 - 34,Male,Student,1-3,The singer's voice,Nura Wasanthe,127
10234,25 - 34,Male,Student,1-3,The singer's voice,Mayam Kalawe,102
10235,25 - 34,Male,Student,1-3,The singer's voice,Etha kandukara,279
10236,25 - 34,Male,Student,1-3,The singer's voice,Billa,22
10237,25 - 34,Male,Student,1-3,The singer's voice,Dewiyo Wadee,35
10238,25 - 34,Male,Student,1-3,The singer's voice,Kwikariye,75
10239,25 - 34,Male,Student,1-3,The singer's voice,hini peththta,280
10240,25 - 34,Male,Student,1-3,The singer's voice,Mage sihine obai,281
10241,25 - 34,Male,Student,1-3,The singer's voice,kiri kodu,77
10242,25 - 34,Male,Student,1-3,The singer's voice,Ai kale ,282
10243,25 - 34,Male,Student,1-3,The singer's voice,chandryan pidu,26
10244,18 - 24,Female,Student,0 - 1,Music,Pandama,140
10245,18 - 24,Female,Student,0 - 1,The singer's voice,Hiru mal,52
10246,18 - 24,Female,Student,0 - 1,The singer's voice,daffodil male,259
10247,18 - 24,Female,Student,0 - 1,The singer's voice,Chandani Payala,25
10248,18 - 24,Female,Student,0 - 1,The singer's voice,Dedunna Sedi,32
10249,18 - 24,Female,Undergraduate,1 - 3,The message of the song,Landune,81
10250,25 - 34,Male,Software Developer,0 - 1,Music,Aradhana,211
10251,25 - 34,Male,Software Developer,0 - 1,Music,Wika Sitha Pem,217
10252,25 - 34,Male,Software Developer,0 - 1,Music,Iki gasa hadana,61
10253,25 - 34,Male,Software Developer,0 - 1,Music,Adarema geethayak,9
10254,25 - 34,Male,Software Developer,0 - 1,Music,Unmaada Wu Premadare,208
10255,25 - 34,Male,Software Developer,0 - 1,Music,Tiken Tika Tiken Tika,207
10256,25 - 34,Male,Software Developer,0 - 1,Music,Tharanaya,204
10257,18 - 24,Female,Student,1 - 3,The singer's voice,Aaley katha,283
10258,18 - 24,Female,Student,1 - 3,The singer's voice,Pandama,140
10259,18 - 24,Female,Student,1 - 3,The singer's voice,Awathan hade,284
10260,25 - 34,Female,Student,1 - 3,The singer's voice,Nura wasanthe,127
10261,25 - 34,Female,Engineer,0 - 1,The message of the song,Mandaram Wahi Watena,221
10262,25 - 34,Female,Engineer,0 - 1,The message of the song,gamata kalin hiru,42
10263,25 - 34,Female,Engineer,0 - 1,The message of the song,Gamen Liyumak Awilla,43
10264,25 - 34,Female,Engineer,0 - 1,The message of the song,Hanthana Sihine(Bala Walapemi),47
10265,25 - 34,Female,Engineer,0 - 1,The message of the song,premayen mana ranjitha we,285
10266,25 - 34,Female,Engineer,0 - 1,The message of the song,suwada saban anga gaala,286
10267,25 - 34,Female,Engineer,0 - 1,The message of the song,Atha Ran Wiman Thulin Pata Selayen Sadi,1
10268,25 - 34,Female,Engineer,0 - 1,The message of the song,Ananthayata Yana Para Dige,14
10269,25 - 34,Female,Engineer,0 - 1,The message of the song,Athsana,264
10270,18 - 24,Female,Medical student,3 - 5,The message of the song,Prathihari,227
10271,18 - 24,Female,Medical student,3 - 5,The message of the song,Lu (Numba Nomathi Dihawaka),287
10272,18 - 24,Female,Medical student,3 - 5,The message of the song,prema sajjayanaya,288
10273,18 - 24,Female,Medical student,3 - 5,The message of the song,robarosiyan,289
10274,18 - 24,Female,Medical student,3 - 5,The message of the song,sasthara,267
10275,18 - 24,Female,Medical student,3 - 5,The message of the song,radical paththini,290
10276,18 - 24,Female,Medical student,3 - 5,The message of the song,Lu (Numba Nomathi Dihawaka),287
10277,18 - 24,Female,Medical student,3 - 5,The message of the song,Awathan hade,284
10278,18 - 24,Female,Medical student,3 - 5,The message of the song,sadanari,175
10279,18 - 24,Female,Medical student,3 - 5,The message of the song,Yakkun Pitiyata,219
10280,18 - 24,Female,Student,0 - 1,The singer's voice,Sandaganawa,174
10281,18 - 24,Female,Student,0 - 1,The singer's voice,Sandanari,175
10282,18 - 24,Female,Student,0 - 1,The singer's voice,Rambari,155
10283,18 - 24,Female,Student,0 - 1,The singer's voice,Hitha Nambara Thaleta,57
10284,18 - 24,Female,Student,0 - 1,The singer's voice,Nawathi methekin,118
10285,18 - 24,Female,Student,0 - 1,The singer's voice,Sulanga obada,201
10286,18 - 24,Male,Student,0 - 1,Music,Hinahenne man,51
10287,18 - 24,Female,Student,1 - 3,Music,Atha Kadukara Himau Arane,16
10288,25 - 34,Male,student,0 - 1,The singer's voice,nadee ganga,114
10289,18 - 24,Male,Student,0 - 1,The singer's voice,Soduru siththam,194
10290,18 - 24,Female,Surveyor,0 - 1,Music,Kawiya,76
10291,25 - 34,Female,Beautician,0 - 1,The singer's voice,Hiru mal,52
10292,25 - 34,Female,Beautician,0 - 1,The singer's voice,Sepalikawo,291
10293,25 - 34,Female,Beautician,0 - 1,The singer's voice,Mathakaida ada wage,292
10294,25 - 34,Female,Beautician,0 - 1,The singer's voice,Nura wasanthe,127
10295,25 - 34,Female,Beautician,0 - 1,The singer's voice,Mihirawa awa,110
10296,18 - 24,Male,University student,0 - 1,It varies,Niwaduwatath man dan sankawen,126
10297,18 - 24,Male,University student,0 - 1,It varies,Gomara mala,293
10298,18 - 24,Male,University student,0 - 1,It varies,Nirayase,125
10299,18 - 24,Male,University student,0 - 1,It varies,Baila Gamuda,21
10300,18 - 24,Male,University student,0 - 1,It varies,Billa,22
10301,18 - 24,Male,University student,0 - 1,It varies,Chain,23
10302,18 - 24,Male,Business consultant,more than 5,The instrument being used,Baila gamuda remix karala,21
10303,18 - 24,Male,Student,0 - 1,Music,Pandama,140
10304,18 - 24,Male,Student,0 - 1,Music,Sandanari,175
10305,18 - 24,Male,Student,0 - 1,Music,Sandaganawa,174
10306,18 - 24,Male,Student,0 - 1,Music,Prathihari,227
10307,18 - 24,Male,Student,0 - 1,Music,Piyawuna,252
10308,18 - 24,Male,Student,0 - 1,Music,Ai kale mulu hadinma,282
10309,18 - 24,Female,Student,0 - 1,Music,Hey Kakulee,50
10310,18 - 24,Female,Student,0 - 1,Music,yakkuth pitiyata,219
10311,18 - 24,Female,Student,0 - 1,Music,BnS oba nisa album songs,135
10312,18 - 24,Male,Student,1 - 3,The instrument being used,Malak une ay,93
10313,18 - 24,Male,Student,1 - 3,The instrument being used,chandrayan pidu,26
10314,18 - 24,Male,Student,1 - 3,The instrument being used,oba dutu e mul dine,130
10315,18 - 24,Female,Student,0 - 1,The message of the song,Lu (Numba Nomathi Dihawaka),287
10316,18 - 24,Female,Student,1 - 3,Music,Maraya[2018],97
10317,18 - 24,Female,Student,1 - 3,Music,Ae,311
10318,25 - 34,Female,Lecturer,1 - 3,The singer's voice,Oba Heenayak Wage Hadu Wessak Aran,132
10319,25 - 34,Female,Lecturer,1 - 3,The singer's voice,Golu Daruwek Una Kiya,45
10320,18 - 24,Female,Student,0 - 1,The message of the song,Pandama,140
10321,18 - 24,Female,Student,0 - 1,The message of the song,Hitha Hiriwetunado,55
10322,18 - 24,Female,Student,0 - 1,The message of the song,Iduwari,294
10323,25 - 34,Female,Engineer,0 - 1,Music,Kuweni,79
10324,25 - 34,Female,Engineer,0 - 1,Music,galana Ganga,234
10325,25 - 34,Female,Engineer,0 - 1,Music,sandaganawa,174
10326,25 - 34,Female,Engineer,0 - 1,Music,Pandama,140
10327,25 - 34,Female,Engineer,0 - 1,Music,nadagam geeya,113
10328,25 - 34,Female,Engineer,0 - 1,Music,rahath himiwarun,235
10329,25 - 34,Female,Engineer,0 - 1,Music,mahamaya,229
10330,25 - 34,Female,Engineer,0 - 1,Music,hawasaka ma,49
10331,25 - 34,Female,Engineer,0 - 1,Music,alawanthakam,295
10332,25 - 34,Female,Engineer,0 - 1,Music,Mal Mitak Thiyanna,91
10333,25 - 34,Female,Engineer,0 - 1,Music,gamen liyumak,43
10334,25 - 34,Female,Engineer,0 - 1,Music,mata rawana,277
10335,25 - 34,Male,Engineer,1 - 3,The message of the song,Kuweni,79
10336,18 - 24,Female,Student,0 - 1,The instrument being used,Sihina Lowe Maya Wethire,187
10337,18 - 24,Male,medical student,0 - 1,Music,athsana,264
10338,18 - 24,Male,medical student,0 - 1,Music,Sanda Latha Payala,171
10339,18 - 24,Male,Student,0 - 1,The instrument being used,Tiken tika,207
10340,18 - 24,Male,Student,0 - 1,The instrument being used,Dasin paa,31
10341,25 - 34,Female,Associate Software Engineer,more than 5,Music,Sada Eliya Gala Ena,166
10342,25 - 34,Female,Associate Software Engineer,more than 5,Music,awathan hade,284
10343,25 - 34,Female,Associate Software Engineer,more than 5,Music,Diwasaravi,37
10344,18 - 24,Female,Student,1 - 3,Music,Kuweniye,79
10345,18 - 24,Female,Student,0 - 1,The singer's voice,Sandaganawa,174
10346,18 - 24,Female,Student,0 - 1,The singer's voice,Samawak na,170
10347,18 - 24,Female,Student,0 - 1,The singer's voice,Runawiye,165
10348,18 - 24,Female,Student,0 - 1,All,Kuweniye,79
10349,18 - 24,Female,Student,0 - 1,All,Meeduma Uthurana,107
10350,18 - 24,Female,Student,0 - 1,All,Denuwan piya,254
10351,18 - 24,Female,Student,0 - 1,All,Hiru Mal,52
10352,18 - 24,Female,Student,0 - 1,All,Mage ne,296
10353,18 - 24,Female,Student,0 - 1,All,Soya Awa,196
10354,18 - 24,Female,Student,0 - 1,All,Me mal yaye ,246
10355,18 - 24,Female,Student,0 - 1,All,Aatha dan wiman,1
10356,18 - 24,Female,Student,0 - 1,All,kaulu piyan path,73
10357,18 - 24,Female,Student,0 - 1,All,Wasanthaye Pipidena Mal,310
10358,18 - 24,Female,Student,0 - 1,All,Walithara Athare Himihita Basina,213
10359,18 - 24,Male,Student,1 - 3,The instrument being used,Dewiyo wadi,35
10360,18 - 24,Female,Student,0 - 1,The singer's voice,Sandaganawa,174
10361,18 - 24,Female,Student,0 - 1,The singer's voice,Gayamu dawasaka,297
10362,18 - 24,Female,Student,0 - 1,The singer's voice,Adare sithum,8
10363,18 - 24,Female,Student,0 - 1,The singer's voice,Sharadha,186
10364,18 - 24,Female,Student,0 - 1,The singer's voice,Unmadini hanguna,210
10365,18 - 24,Female,Student,0 - 1,The singer's voice,"Kawiya
",76
10366,18 - 24,Female,Student,0 - 1,The singer's voice,Sanda Nawath Kamak Nathe ,172
10367,18 - 24,Female,Student,0 - 1,The singer's voice,Maath mage hitha hadagannam,262
10368,18 - 24,Female,Student,0 - 1,The singer's voice,Nura wasanthe,127
10369,18 - 24,Female,Student,0 - 1,The singer's voice,Maa oba hamuwana dinaye,86
10370,18 - 24,Female,Student,0 - 1,The singer's voice,Mihirawa awa,110
10371,18 - 24,Female,Student,0 - 1,The singer's voice,Me tharam siyumalida kalu gal,106
10372,18 - 24,Female,Student,0 - 1,The singer's voice,Sulagak Wela Oba Soya Enna One,200
10373,18 - 24,Female,Student,0 - 1,The singer's voice,Thurul Wenna Asai,206
10374,18 - 24,Female,Student,0 - 1,The singer's voice,Piyawuna,252
10375,18 - 24,Female,Student,0 - 1,The singer's voice,Perada Mawu Sina,144
10376,18 - 24,Female,Student,0 - 1,The singer's voice,Pawela kodu aakase,248
10377,18 - 24,Female,Student,0 - 1,The singer's voice,Siyumali,192
10378,18 - 24,Female,Student,0 - 1,The singer's voice,Boralu anena,309
10379,18 - 24,Female,Student,0 - 1,The singer's voice,Kaulu piyanpath,73
10380,18 - 24,Female,Student,0 - 1,The singer's voice,Adare sithum,8
10381,18 - 24,Female,Student,0 - 1,The singer's voice,Ananthayata yana para dige,14
10382,18 - 24,Female,Student,0 - 1,The singer's voice,Labandiye,80
10383,18 - 24,Female,Student,0 - 1,The singer's voice,Hawasaka maa,49
10384,25 - 34,Male,Implementation engineer,more than 5,The singer's voice,Chandrayan pidu,26
10385,25 - 34,Male,Implementation engineer,more than 5,The singer's voice,unmadini hanguna,210
10386,18 - 24,Female,Student,3 - 5,The singer's voice,Nadagam giya,113
10387,18 - 24,Female,Student,3 - 5,The singer's voice,pandama,140
10388,18 - 24,Female,Student,3 - 5,The singer's voice,kuweni,79
10389,18 - 24,Female,Student,3 - 5,The singer's voice,naukawa,268
10390,18 - 24,Female,Student,3 - 5,The singer's voice,radawani,228
10391,18 - 24,Female,Student,0 - 1,The singer's voice,Malakuth thibuna,308
10392,18 - 24,Male,student,1 - 3,The singer's voice,Roo sara ,164
10393,18 - 24,Male,student,1 - 3,The singer's voice,Yaal Panamen,218
10394,18 - 24,Male,student,1 - 3,The singer's voice,Jeewithaye Sundara Bawa,64
10395,18 - 24,Male,student,1 - 3,The singer's voice,Chandrayan Pidu,26
10396,18 - 24,Male,student,1 - 3,The singer's voice,Manamali,307
10397,18 - 24,Female,Student,0 - 1,Music,Soya Awa,196
10398,18 - 24,Female,Student,1 - 3,The message of the song,Kuweniye,79
10399,18 - 24,Female,Student,1 - 3,The message of the song,Sandaganawa,174
10400,18 - 24,Female,Student,1 - 3,The message of the song,Thawa dawasak,263
10401,18 - 24,Female,Student,1 - 3,The message of the song,Mage Unmade,88
10402,18 - 24,Female,Student,1 - 3,The message of the song,Oba apple malak wage,306
10403,18 - 24,Female,Student,1 - 3,The message of the song,landune,81
10404,18 - 24,Female,Student,1 - 3,The message of the song,malak une,93
10405,18 - 24,Female,Student,1 - 3,The message of the song,mage punchi rosa male,298
10406,18 - 24,Female,Student,1 - 3,The message of the song,Hanguman,225
10407,18 - 24,Female,Student,1 - 3,The message of the song,Wikasitha pem pokuru pium,217
10408,18 - 24,Female,Student,1 - 3,The message of the song,Ayage Sinaha,20
10409,18 - 24,Female,Student,1 - 3,The message of the song,Prasiddiya Ko,150
10410,18 - 24,Female,Student,1 - 3,The message of the song,Kandulu irthuwe,253
10411,18 - 24,Female,Student,1 - 3,The message of the song,Baila Gamuda,21
10412,18 - 24,Female,Student,1 - 3,The message of the song,Perawadanak,145
10413,18 - 24,Female,Student,1 - 3,The message of the song,Pandama,140
10414,18 - 24,Female,Student,1 - 3,The message of the song,Sandaganawa,174
10415,18 - 24,Female,Student,1 - 3,The message of the song,Sandanari,175
10416,18 - 24,Female,Student,1 - 3,The message of the song,Oba Dakala,129
10417,18 - 24,Female,Student,1 - 3,The message of the song,hanthanata payana sanda,48
10418,18 - 24,Female,Student,1 - 3,The message of the song,mage punchi rosa male,298
10419,18 - 24,Female,Student,1 - 3,The message of the song,Mandaram Wahi Watena,221
10420,18 - 24,Female,Medical Student,1 - 3,All,Ae,311
10421,18 - 24,Female,student,0 - 1,Music,sandanari,175
10422,18 - 24,Female,student,0 - 1,Music,ru sara,164
10423,18 - 24,Female,student,0 - 1,Music,saragaye,179
10424,18 - 24,Female,student,0 - 1,Music,Oba Dakala,129
10425,25 - 34,Male,Planner,0 - 1,The singer's voice,Chakithaya,24
10426,25 - 34,Male,Lecturer,1 - 3,The message of the song,Sharadha ,186
10427,25 - 34,Male,Lecturer,1 - 3,The message of the song,Adaraneeya Neranjana ,305
10428,18 - 24,Female,student,0 - 1,Music,Perawadanak,145
10429,18 - 24,Female,student,0 - 1,Music,ananthayata yana para digee,14
10430,18 - 24,Female,student,0 - 1,Music,Sanda Thaniyama,173
10431,18 - 24,Female,student,0 - 1,Music,Me diganthayeee,304
10432,18 - 24,Female,student,0 - 1,Music,Oba Kamathi Nam,303
10433,18 - 24,Female,student,0 - 1,Music,Anatha maruthe ,302
10434,18 - 24,Female,student,0 - 1,Music,Master sir   ,301
10435,18 - 24,Female,student,0 - 1,Music,Wala thiryen eha,300
10436,18 - 24,Female,student,0 - 1,Music,aduru kutiya thula ,299
10437,18 - 24,Female,student,0 - 1,Music, nadee ganga tharanayee,114
10438,18 - 24,Female,student,0 - 1,Music,Nimnawiye,123
10439,18 - 24,Female,student,0 - 1,Music,Tharuka Pelin Eha,205
10440,18 - 24,Female,student,0 - 1,Music,mage punchi rosa male ,298
10441,18 - 24,Female,student,0 - 1,Music,hanthana sihine,47